scanner ID,target ID,sequence number,transmission_time year,transmission_time month,transmission_time day,transmission_time hour,transmission_time minute,transmission_time second,transmission_time millisecond,data identification,data length,data number,status,type of object,data reliablity,object ID,detection_time year,detection_time month,detection_time day,detection_time hour,detection_time minute,detection_time second,detection_time millisecond,1X,1Y,2X,2Y,X speed,Y speed,length,width,height
5213,5201,438,2021,6,24,19,52,2,74,SD,144,3,2,10,0,70,2021,6,24,19,52,2,73,8452,-636,8659,-636,0,0,499,207,165
,,,,,,,,,,,,,,12,0,69,2021,6,24,19,52,2,73,2739,83,2821,83,-835,10,185,82,184
,,,,,,,,,,,,,,10,0,61,2021,6,24,19,52,2,73,4510,463,4719,463,-1068,10,481,208,167
5213,5201,439,2021,6,24,19,52,2,310,SD,144,3,2,10,0,70,2021,6,24,19,52,2,310,8291,-644,8498,-644,-678,-31,485,207,166
,,,,,,,,,,,,,,12,0,69,2021,6,24,19,52,2,310,2547,76,2630,76,-808,-29,190,82,189
,,,,,,,,,,,,,,10,0,61,2021,6,24,19,52,2,310,4252,465,4462,465,-1070,5,476,210,167
5213,5201,440,2021,6,24,19,52,2,539,SD,144,3,2,10,0,70,2021,6,24,19,52,2,538,8099,-626,8311,-626,-819,75,498,211,168
,,,,,,,,,,,,,,12,0,69,2021,6,24,19,52,2,538,2418,77,2339,77,-954,2,186,79,184
,,,,,,,,,,,,,,10,0,61,2021,6,24,19,52,2,538,3981,458,4180,458,-1214,-26,442,199,156
5213,5201,441,2021,6,24,19,52,2,796,SD,144,3,2,10,0,70,2021,6,24,19,52,2,795,7902,-642,8109,-642,-776,-61,477,207,169
,,,,,,,,,,,,,,12,0,69,2021,6,24,19,52,2,795,2140,80,2215,80,-764,12,171,74,178
,,,,,,,,,,,,,,10,0,61,2021,6,24,19,52,2,795,3760,458,3958,458,-875,-2,488,198,164
5213,5201,442,2021,6,24,19,52,3,54,SD,144,3,2,10,0,70,2021,6,24,19,52,3,53,7717,-634,7923,-634,-724,30,478,206,167
,,,,,,,,,,,,,,10,0,69,2021,6,24,19,52,3,53,1946,66,1797,66,-1174,-54,352,149,172
,,,,,,,,,,,,,,10,0,61,2021,6,24,19,52,3,53,3510,465,3714,465,-964,26,478,203,165
5213,5201,443,2021,6,24,19,52,3,313,SD,180,4,2,10,0,72,2021,6,24,19,52,3,312,7147,419,7370,419,0,0,467,224,183
,,,,,,,,,,,,,,10,0,70,2021,6,24,19,52,3,312,7723,-628,7514,-628,-780,22,475,209,167
,,,,,,,,,,,,,,10,0,69,2021,6,24,19,52,3,312,1723,63,1574,63,-858,-11,352,149,172
,,,,,,,,,,,,,,10,0,61,2021,6,24,19,52,3,312,3261,461,3467,461,-929,-15,486,206,165
5213,5201,444,2021,6,24,19,52,3,548,SD,180,4,2,10,0,73,2021,6,24,19,52,3,546,8799,-619,8557,-619,0,0,650,242,237
,,,,,,,,,,,,,,10,0,72,2021,6,24,19,52,3,546,6735,380,6958,380,-1758,-167,467,224,183
,,,,,,,,,,,,,,10,0,70,2021,6,24,19,52,3,546,7561,-619,7340,-619,-682,40,511,221,177
,,,,,,,,,,,,,,10,0,61,2021,6,24,19,52,3,546,3026,462,3238,462,-991,6,488,212,164
5213,5201,445,2021,6,24,19,52,3,778,SD,144,3,2,10,0,73,2021,6,24,19,52,3,777,8552,-624,8308,-624,-1057,-22,671,244,237
,,,,,,,,,,,,,,10,0,70,2021,6,24,19,52,3,777,7383,-621,7160,-621,-798,-9,524,223,183
,,,,,,,,,,,,,,10,0,61,2021,6,24,19,52,3,777,2780,457,2992,457,-1071,-21,499,212,164
5213,5201,446,2021,6,24,19,52,4,31,SD,180,4,2,10,0,74,2021,6,24,19,52,4,31,6349,421,6576,421,0,0,536,228,193
,,,,,,,,,,,,,,10,0,73,2021,6,24,19,52,4,31,8122,-640,8368,-640,-826,-62,644,246,253
,,,,,,,,,,,,,,10,0,70,2021,6,24,19,52,4,31,6937,-623,7169,-623,-862,-4,540,232,187
,,,,,,,,,,,,,,10,0,61,2021,6,24,19,52,4,31,2534,456,2751,456,-944,-6,491,217,166
5213,5201,447,2021,6,24,19,52,4,257,SD,180,4,2,10,0,74,2021,6,24,19,52,4,256,6096,426,6329,426,-1132,21,522,234,191
,,,,,,,,,,,,,,11,0,73,2021,6,24,19,52,4,256,8184,-639,7920,-639,-795,4,719,264,281
,,,,,,,,,,,,,,10,0,70,2021,6,24,19,52,4,256,6739,-617,6971,-617,-856,25,559,232,197
,,,,,,,,,,,,,,10,0,61,2021,6,24,19,52,4,256,2308,457,2526,457,-1018,4,495,217,166
5213,5201,448,2021,6,24,19,52,4,480,SD,180,4,2,10,0,74,2021,6,24,19,52,4,480,5744,429,5971,429,-1613,16,514,227,180
,,,,,,,,,,,,,,10,0,73,2021,6,24,19,52,4,480,7946,-638,7692,-638,-1026,5,675,254,266
,,,,,,,,,,,,,,10,0,70,2021,6,24,19,52,4,480,6756,-614,6528,-614,-977,13,545,228,190
,,,,,,,,,,,,,,10,0,61,2021,6,24,19,52,4,480,2085,464,2296,464,-1019,30,482,210,168
5213,5201,449,2021,6,24,19,52,4,711,SD,180,4,2,10,0,74,2021,6,24,19,52,4,710,5423,449,5658,449,-1313,84,548,236,179
,,,,,,,,,,,,,,11,0,73,2021,6,24,19,52,4,710,7557,-649,7827,-649,-602,-48,782,269,293
,,,,,,,,,,,,,,10,0,70,2021,6,24,19,52,4,710,6325,-618,6558,-618,-846,-16,556,233,193
,,,,,,,,,,,,,,10,0,61,2021,6,24,19,52,4,710,1850,462,2055,462,-1013,-6,470,204,166
5213,5201,450,2021,6,24,19,52,4,936,SD,180,4,2,10,0,74,2021,6,24,19,52,4,935,5160,464,5368,464,-1316,70,498,209,165
,,,,,,,,,,,,,,11,0,73,2021,6,24,19,52,4,935,7628,-635,7359,-635,-843,63,782,268,302
,,,,,,,,,,,,,,10,0,70,2021,6,24,19,52,4,935,6121,-619,6353,-619,-926,-5,540,232,199
,,,,,,,,,,,,,,10,0,61,2021,6,24,19,52,4,935,1605,464,1809,464,-1092,6,470,204,166
5213,5201,451,2021,6,24,19,52,5,181,SD,144,3,2,10,0,74,2021,6,24,19,52,5,181,4901,465,5107,465,-1083,3,490,206,165
,,,,,,,,,,,,,,11,0,73,2021,6,24,19,52,5,181,7529,-635,7254,-635,-423,-1,970,274,324
,,,,,,,,,,,,,,10,0,70,2021,6,24,19,52,5,181,6169,-613,5933,-613,-772,23,530,235,192
5213,5201,452,2021,6,24,19,52,5,406,SD,144,3,2,10,0,74,2021,6,24,19,52,5,405,4859,470,4647,470,-1127,22,495,211,164
,,,,,,,,,,,,,,11,0,73,2021,6,24,19,52,5,405,7208,-638,7497,-638,-210,-12,1265,288,367
,,,,,,,,,,,,,,10,0,70,2021,6,24,19,52,5,405,5754,-617,5978,-617,-803,-15,553,224,188
5213,5201,453,2021,6,24,19,52,5,662,SD,144,3,2,10,0,74,2021,6,24,19,52,5,662,4386,462,4596,462,-1040,-31,491,210,165
,,,,,,,,,,,,,,11,0,73,2021,6,24,19,52,5,662,6920,-644,7200,-644,-1111,-22,1056,280,333
,,,,,,,,,,,,,,10,0,70,2021,6,24,19,52,5,662,5568,-617,5796,-617,-720,0,544,227,195
5213,5201,454,2021,6,24,19,52,5,895,SD,144,3,2,10,0,74,2021,6,24,19,52,5,894,4108,463,4323,463,-1140,2,492,215,171
,,,,,,,,,,,,,,11,0,73,2021,6,24,19,52,5,894,6721,-647,7018,-647,-762,-13,1147,297,364
,,,,,,,,,,,,,,10,0,70,2021,6,24,19,52,5,894,5390,-611,5620,-611,-755,25,569,229,186
5213,5201,455,2021,6,24,19,52,6,151,SD,144,3,2,10,0,74,2021,6,24,19,52,6,151,3868,466,4081,466,-965,12,536,212,162
,,,,,,,,,,,,,,11,0,73,2021,6,24,19,52,6,151,6549,-646,6846,-646,-696,6,1168,297,382
,,,,,,,,,,,,,,10,0,70,2021,6,24,19,52,6,151,5185,-606,5417,-606,-793,19,568,231,195
5213,5201,456,2021,6,24,19,52,6,375,SD,144,3,2,10,0,74,2021,6,24,19,52,6,374,3569,458,3781,458,-1317,-37,516,212,165
,,,,,,,,,,,,,,11,0,73,2021,6,24,19,52,6,374,6368,-642,6658,-642,-823,13,1183,290,385
,,,,,,,,,,,,,,10,0,70,2021,6,24,19,52,6,374,5023,-609,5258,-609,-714,-11,611,235,209
5213,5201,457,2021,6,24,19,52,6,627,SD,144,3,2,10,0,74,2021,6,24,19,52,6,627,3289,456,3495,456,-1118,-6,510,206,157
,,,,,,,,,,,,,,11,0,73,2021,6,24,19,52,6,627,6343,-657,6654,-657,-14,-58,1574,311,450
,,,,,,,,,,,,,,10,0,70,2021,6,24,19,52,6,627,5042,-607,4809,-607,-880,6,585,233,193
5213,5201,458,2021,6,24,19,52,6,885,SD,144,3,2,10,0,74,2021,6,24,19,52,6,884,3037,466,3245,466,-986,40,564,207,160
,,,,,,,,,,,,,,11,0,73,2021,6,24,19,52,6,884,6168,-661,6482,-661,-658,-15,1579,314,453
,,,,,,,,,,,,,,10,0,70,2021,6,24,19,52,6,884,4835,-607,4613,-607,-777,-1,529,221,191
5213,5201,459,2021,6,24,19,52,7,123,SD,180,4,2,10,0,75,2021,6,24,19,52,7,122,8418,65,8643,65,0,0,506,225,178
,,,,,,,,,,,,,,10,0,74,2021,6,24,19,52,7,122,2775,471,2988,471,-1095,20,627,213,173
,,,,,,,,,,,,,,11,0,73,2021,6,24,19,52,7,122,6468,-653,6143,-653,-181,34,2046,325,503
,,,,,,,,,,,,,,10,0,70,2021,6,24,19,52,7,122,4431,-602,4655,-602,-755,22,540,224,195
5213,5201,460,2021,6,24,19,52,7,388,SD,180,4,2,10,0,75,2021,6,24,19,52,7,386,8234,71,8456,71,-702,22,506,221,179
,,,,,,,,,,,,,,10,0,74,2021,6,24,19,52,7,386,2736,469,2518,469,-996,-8,606,218,178
,,,,,,,,,,,,,,11,0,73,2021,6,24,19,52,7,386,5817,-645,6133,-645,-1264,31,1664,315,462
,,,,,,,,,,,,,,10,0,70,2021,6,24,19,52,7,386,4266,-604,4488,-604,-621,-6,568,222,199
5213,5201,461,2021,6,24,19,52,7,619,SD,180,4,2,10,0,75,2021,6,24,19,52,7,618,7994,67,8223,67,-1041,-18,524,228,189
,,,,,,,,,,,,,,10,0,74,2021,6,24,19,52,7,618,2486,474,2262,474,-1068,19,618,224,186
,,,,,,,,,,,,,,11,0,73,2021,6,24,19,52,7,618,5750,-641,6065,-641,-262,17,1924,314,494
,,,,,,,,,,,,,,10,0,70,2021,6,24,19,52,7,618,4053,-607,4278,-607,-880,-14,590,225,204
5213,5201,462,2021,6,24,19,52,7,852,SD,180,4,2,10,0,75,2021,6,24,19,52,7,851,7789,58,8009,58,-893,-37,504,220,179
,,,,,,,,,,,,,,10,0,74,2021,6,24,19,52,7,851,1965,468,2180,468,-1288,-22,544,214,185
,,,,,,,,,,,,,,11,0,73,2021,6,24,19,52,7,851,5854,-644,5529,-644,-959,-13,2000,325,489
,,,,,,,,,,,,,,10,0,70,2021,6,24,19,52,7,851,3843,-606,4074,-606,-912,4,604,230,210
5213,5201,463,2021,6,24,19,52,8,116,SD,180,4,2,10,0,75,2021,6,24,19,52,8,115,7573,67,7797,67,-802,34,560,224,189
,,,,,,,,,,,,,,10,0,74,2021,6,24,19,52,8,115,1939,464,1719,464,-942,-16,519,219,184
,,,,,,,,,,,,,,11,0,73,2021,6,24,19,52,8,115,5667,-628,5344,-628,-669,59,2104,322,495
,,,,,,,,,,,,,,10,0,70,2021,6,24,19,52,8,115,3625,-605,3864,-605,-811,4,578,238,201
5213,5201,464,2021,6,24,19,52,8,379,SD,180,4,2,10,0,75,2021,6,24,19,52,8,378,7298,65,7511,65,-1037,-8,537,213,186
,,,,,,,,,,,,,,10,0,74,2021,6,24,19,52,8,378,1667,466,1447,466,-1034,6,519,219,184
,,,,,,,,,,,,,,11,0,73,2021,6,24,19,52,8,378,5500,-614,5186,-614,-573,51,2343,313,508
,,,,,,,,,,,,,,10,0,70,2021,6,24,19,52,8,378,3697,-600,3461,-600,-646,17,628,235,217
5213,5201,465,2021,6,24,19,52,8,643,SD,144,3,2,10,0,75,2021,6,24,19,52,8,642,7037,68,7254,68,-959,13,541,218,191
,,,,,,,,,,,,,,11,0,73,2021,6,24,19,52,8,642,5014,-642,5325,-642,-693,-105,2328,311,511
,,,,,,,,,,,,,,10,0,70,2021,6,24,19,52,8,642,3488,-597,3258,-597,-775,12,597,229,217
5213,5201,466,2021,6,24,19,52,8,906,SD,144,3,2,10,0,75,2021,6,24,19,52,8,906,6817,70,7030,70,-860,7,528,213,189
,,,,,,,,,,,,,,11,0,73,2021,6,24,19,52,8,906,5109,-637,4798,-637,-813,21,2164,311,497
,,,,,,,,,,,,,,10,0,70,2021,6,24,19,52,8,906,3068,-599,3300,-599,-722,-9,602,231,229
5213,5201,467,2021,6,24,19,52,9,169,SD,144,3,2,10,0,75,2021,6,24,19,52,9,168,6602,76,6820,76,-813,22,538,218,189
,,,,,,,,,,,,,,11,0,73,2021,6,24,19,52,9,168,4945,-616,4633,-616,-640,79,2321,311,508
,,,,,,,,,,,,,,10,0,70,2021,6,24,19,52,9,168,3102,-598,2875,-598,-727,5,586,227,210
5213,5201,468,2021,6,24,19,52,9,403,SD,144,3,2,10,0,75,2021,6,24,19,52,9,403,6380,84,6607,84,-930,34,609,227,209
,,,,,,,,,,,,,,11,0,73,2021,6,24,19,52,9,403,4394,-616,4695,-616,-1049,0,2147,300,479
,,,,,,,,,,,,,,10,0,70,2021,6,24,19,52,9,403,2920,-600,2692,-600,-791,-6,581,227,214
5213,5201,469,2021,6,24,19,52,9,661,SD,144,3,2,10,0,75,2021,6,24,19,52,9,660,6190,78,6419,78,-743,-24,550,228,196
,,,,,,,,,,,,,,11,0,73,2021,6,24,19,52,9,660,4160,-615,4462,-615,-854,3,2036,301,473
,,,,,,,,,,,,,,10,0,70,2021,6,24,19,52,9,660,2499,-601,2728,-601,-746,-6,581,228,217
5213,5201,470,2021,6,24,19,52,9,892,SD,144,3,2,10,0,75,2021,6,24,19,52,9,891,5997,83,6234,83,-809,20,590,237,204
,,,,,,,,,,,,,,11,0,73,2021,6,24,19,52,9,891,3997,-608,4298,-608,-744,31,2047,300,471
,,,,,,,,,,,,,,10,0,70,2021,6,24,19,52,9,891,2548,-594,2322,-594,-782,30,581,226,223
5213,5201,471,2021,6,24,19,52,10,150,SD,144,3,2,10,0,75,2021,6,24,19,52,10,150,5771,83,6001,83,-886,1,536,230,193
,,,,,,,,,,,,,,11,0,73,2021,6,24,19,52,10,150,3698,-615,4024,-615,-993,-28,2052,325,505
,,,,,,,,,,,,,,10,0,70,2021,6,24,19,52,10,150,2353,-590,2130,-590,-731,15,571,223,222
5213,5201,472,2021,6,24,19,52,10,391,SD,144,3,2,10,0,75,2021,6,24,19,52,10,390,5568,79,5797,79,-843,-17,537,228,196
,,,,,,,,,,,,,,11,0,73,2021,6,24,19,52,10,390,3484,-624,3821,-624,-867,-35,1995,337,508
,,,,,,,,,,,,,,10,0,70,2021,6,24,19,52,10,390,2165,-589,1946,-589,-764,4,568,219,209
5213,5201,473,2021,6,24,19,52,10,631,SD,144,3,2,10,0,75,2021,6,24,19,52,10,630,5357,74,5576,74,-932,-21,502,219,180
,,,,,,,,,,,,,,11,0,73,2021,6,24,19,52,10,630,3323,-624,3666,-624,-704,0,2023,342,521
,,,,,,,,,,,,,,10,0,70,2021,6,24,19,52,10,630,1997,-588,1777,-588,-703,5,559,220,202
5213,5201,474,2021,6,24,19,52,10,896,SD,144,3,2,10,0,75,2021,6,24,19,52,10,896,5378,84,5156,84,-771,37,527,221,183
,,,,,,,,,,,,,,11,0,73,2021,6,24,19,52,10,896,3552,-605,3229,-605,-474,71,1919,323,505
,,,,,,,,,,,,,,10,0,70,2021,6,24,19,52,10,896,1685,-583,1901,-583,-376,18,522,215,190
5213,5201,475,2021,6,24,19,52,11,134,SD,144,3,2,10,0,75,2021,6,24,19,52,11,133,4935,81,5147,81,-939,-10,505,212,169
,,,,,,,,,,,,,,11,0,73,2021,6,24,19,52,11,133,3403,-607,3096,-607,-589,-9,1944,307,501
,,,,,,,,,,,,,,10,0,70,2021,6,24,19,52,11,133,1504,-581,1720,-581,-759,7,522,215,190
5213,5201,476,2021,6,24,19,52,11,370,SD,108,2,2,10,0,75,2021,6,24,19,52,11,369,4735,86,4941,86,-866,19,502,205,168
,,,,,,,,,,,,,,11,0,73,2021,6,24,19,52,11,369,2854,-606,3177,-606,-957,7,1977,322,506
5213,5201,477,2021,6,24,19,52,11,615,SD,108,2,2,10,0,75,2021,6,24,19,52,11,615,4535,89,4751,89,-774,12,546,216,178
,,,,,,,,,,,,,,11,0,73,2021,6,24,19,52,11,615,2649,-614,2989,-614,-739,-32,2002,340,515
5213,5201,478,2021,6,24,19,52,11,857,SD,108,2,2,10,0,75,2021,6,24,19,52,11,857,4504,83,4303,83,-1004,-24,490,201,165
,,,,,,,,,,,,,,11,0,73,2021,6,24,19,52,11,857,2891,-598,2570,-598,-534,64,1962,320,499
5213,5201,479,2021,6,24,19,52,12,126,SD,108,2,2,10,0,75,2021,6,24,19,52,12,125,4305,81,4096,81,-756,-7,497,209,173
,,,,,,,,,,,,,,11,0,73,2021,6,24,19,52,12,125,2351,-609,2704,-609,-610,-39,1923,352,492
5213,5201,480,2021,6,24,19,52,12,396,SD,108,2,2,10,0,75,2021,6,24,19,52,12,396,3887,81,4100,81,-772,0,530,212,176
,,,,,,,,,,,,,,11,0,73,2021,6,24,19,52,12,396,2229,-614,2584,-614,-451,-19,1789,355,467
5213,5201,481,2021,6,24,19,52,12,668,SD,108,2,2,10,0,75,2021,6,24,19,52,12,668,3632,81,3848,81,-921,0,597,216,185
,,,,,,,,,,,,,,11,0,73,2021,6,24,19,52,12,668,2079,-616,2430,-616,-580,-6,1655,351,445
5213,5201,482,2021,6,24,19,52,12,924,SD,144,3,2,10,0,76,2021,6,24,19,52,12,923,8411,164,8198,164,0,0,480,212,176
,,,,,,,,,,,,,,10,0,75,2021,6,24,19,52,12,923,3380,82,3591,82,-974,4,581,211,177
,,,,,,,,,,,,,,11,0,73,2021,6,24,19,52,12,923,1937,-614,2281,-614,-578,5,1584,344,428
5213,5201,483,2021,6,24,19,52,13,157,SD,144,3,2,10,0,76,2021,6,24,19,52,13,156,8147,152,7934,152,-1149,-47,489,213,176
,,,,,,,,,,,,,,10,0,75,2021,6,24,19,52,13,156,3152,87,3365,87,-988,21,574,213,180
,,,,,,,,,,,,,,11,0,73,2021,6,24,19,52,13,156,1790,-614,2127,-614,-698,0,1504,336,420
5213,5201,484,2021,6,24,19,52,13,432,SD,180,4,2,11,0,77,2021,6,24,19,52,13,431,8814,-261,8496,-261,0,0,917,319,342
,,,,,,,,,,,,,,10,0,76,2021,6,24,19,52,13,431,7711,138,7919,138,-855,-53,483,208,170
,,,,,,,,,,,,,,10,0,75,2021,6,24,19,52,13,431,3172,86,2950,86,-750,-2,595,221,190
,,,,,,,,,,,,,,11,0,73,2021,6,24,19,52,13,431,1600,-615,1940,-615,-675,-3,1523,340,434
5213,5201,485,2021,6,24,19,52,13,677,SD,180,4,2,11,0,77,2021,6,24,19,52,13,676,8783,-277,8471,-277,-128,-65,1091,312,357
,,,,,,,,,,,,,,10,0,76,2021,6,24,19,52,13,676,7474,145,7693,145,-931,29,483,218,172
,,,,,,,,,,,,,,10,0,75,2021,6,24,19,52,13,676,2728,84,2948,84,-872,-10,601,219,186
,,,,,,,,,,,,,,11,0,73,2021,6,24,19,52,13,676,1458,-620,1777,-620,-561,-21,1390,319,423
5213,5201,486,2021,6,24,19,52,13,920,SD,180,4,2,11,0,77,2021,6,24,19,52,13,919,8270,-300,8559,-300,-1031,-95,968,289,324
,,,,,,,,,,,,,,10,0,76,2021,6,24,19,52,13,919,7244,144,7461,144,-910,-3,490,217,172
,,,,,,,,,,,,,,10,0,75,2021,6,24,19,52,13,919,2518,87,2736,87,-858,13,611,218,186
,,,,,,,,,,,,,,11,0,73,2021,6,24,19,52,13,919,1313,-614,1636,-614,-541,26,1256,324,406
5213,5201,487,2021,6,24,19,52,14,191,SD,180,4,2,11,0,77,2021,6,24,19,52,14,190,8467,-289,8176,-289,-278,41,1122,291,338
,,,,,,,,,,,,,,10,0,76,2021,6,24,19,52,14,190,6994,151,7212,151,-936,26,489,217,174
,,,,,,,,,,,,,,10,0,75,2021,6,24,19,52,14,190,2314,91,2530,91,-768,13,620,216,180
,,,,,,,,,,,,,,11,0,73,2021,6,24,19,52,14,190,1235,-609,1540,-609,-371,19,1054,305,375
5213,5201,488,2021,6,24,19,52,14,447,SD,180,4,2,11,0,77,2021,6,24,19,52,14,446,8006,-304,8292,-304,-704,-59,1108,285,331
,,,,,,,,,,,,,,10,0,76,2021,6,24,19,52,14,446,6768,151,6983,151,-895,0,488,215,179
,,,,,,,,,,,,,,10,0,75,2021,6,24,19,52,14,446,2138,90,2350,90,-705,-1,583,211,183
,,,,,,,,,,,,,,11,0,73,2021,6,24,19,52,14,446,1077,-608,1382,-608,-615,2,1054,305,375
5213,5201,489,2021,6,24,19,52,14,718,SD,144,3,2,11,0,77,2021,6,24,19,52,14,717,7866,-313,8162,-313,-439,-31,1202,296,342
,,,,,,,,,,,,,,10,0,76,2021,6,24,19,52,14,717,6493,135,6717,135,-933,-60,485,224,178
,,,,,,,,,,,,,,10,0,75,2021,6,24,19,52,14,717,1965,98,2175,98,-632,28,539,210,177
5213,5201,490,2021,6,24,19,52,14,993,SD,144,3,2,11,0,77,2021,6,24,19,52,14,993,7877,-285,7589,-285,-1103,100,967,287,323
,,,,,,,,,,,,,,10,0,76,2021,6,24,19,52,14,993,6275,154,6494,154,-814,69,481,219,172
,,,,,,,,,,,,,,10,0,75,2021,6,24,19,52,14,993,2063,108,1863,108,-398,34,486,199,169
5213,5201,491,2021,6,24,19,52,15,250,SD,144,3,2,11,0,77,2021,6,24,19,52,15,250,7807,-282,7514,-282,-228,11,1165,293,345
,,,,,,,,,,,,,,10,0,76,2021,6,24,19,52,15,250,6057,159,6257,159,-895,20,458,200,162
,,,,,,,,,,,,,,10,0,75,2021,6,24,19,52,15,250,1862,110,1662,110,-784,8,486,199,169
5213,5201,492,2021,6,24,19,52,15,493,SD,108,2,2,11,0,77,2021,6,24,19,52,15,492,7298,-285,7603,-285,-859,-9,1184,305,361
,,,,,,,,,,,,,,10,0,76,2021,6,24,19,52,15,492,5829,159,6041,159,-910,-2,493,212,175
5213,5201,493,2021,6,24,19,52,15,767,SD,108,2,2,11,0,77,2021,6,24,19,52,15,766,7174,-281,7479,-281,-478,12,1219,305,363
,,,,,,,,,,,,,,10,0,76,2021,6,24,19,52,15,766,5600,171,5813,171,-855,43,490,214,169
5213,5201,494,2021,6,24,19,52,16,8,SD,108,2,2,11,0,77,2021,6,24,19,52,16,7,7015,-299,7320,-299,-657,-72,1228,305,365
,,,,,,,,,,,,,,10,0,76,2021,6,24,19,52,16,7,5326,177,5535,177,-1162,27,528,209,164
5213,5201,495,2021,6,24,19,52,16,259,SD,108,2,2,11,0,77,2021,6,24,19,52,16,259,6701,-283,6986,-283,-1272,61,985,285,329
,,,,,,,,,,,,,,10,0,76,2021,6,24,19,52,16,259,5034,175,5253,175,-1127,-10,533,219,171
5213,5201,496,2021,6,24,19,52,16,490,SD,108,2,2,11,0,77,2021,6,24,19,52,16,489,6824,-258,6530,-258,-739,111,1009,294,340
,,,,,,,,,,,,,,10,0,76,2021,6,24,19,52,16,489,5050,188,4823,188,-960,57,530,227,176
5213,5201,497,2021,6,24,19,52,16,759,SD,108,2,2,11,0,77,2021,6,24,19,52,16,758,6381,-270,6671,-270,-534,-47,1104,289,341
,,,,,,,,,,,,,,10,0,76,2021,6,24,19,52,16,758,4789,193,4569,193,-947,17,518,219,167
5213,5201,498,2021,6,24,19,52,17,26,SD,108,2,2,11,0,77,2021,6,24,19,52,17,26,6503,-267,6219,-267,-676,10,1056,283,336
,,,,,,,,,,,,,,10,0,76,2021,6,24,19,52,17,26,4328,192,4541,192,-903,-4,510,212,162
5213,5201,499,2021,6,24,19,52,17,304,SD,108,2,2,11,0,77,2021,6,24,19,52,17,303,6079,-266,6370,-266,-471,5,1103,291,353
,,,,,,,,,,,,,,10,0,76,2021,6,24,19,52,17,303,4088,193,4296,193,-854,5,511,207,163
5213,5201,500,2021,6,24,19,52,17,580,SD,108,2,2,11,0,77,2021,6,24,19,52,17,580,6233,-254,5937,-254,-500,41,1145,295,366
,,,,,,,,,,,,,,10,0,76,2021,6,24,19,52,17,580,3861,206,4077,206,-819,46,517,215,167
5213,5201,501,2021,6,24,19,52,17,849,SD,108,2,2,11,0,77,2021,6,24,19,52,17,849,5673,-257,5952,-257,-1014,-10,939,279,331
,,,,,,,,,,,,,,10,0,76,2021,6,24,19,52,17,849,3818,213,3614,213,-957,28,498,204,159
5213,5201,502,2021,6,24,19,52,18,123,SD,108,2,2,11,0,77,2021,6,24,19,52,18,123,5550,-253,5849,-253,-412,15,1112,298,357
,,,,,,,,,,,,,,10,0,76,2021,6,24,19,52,18,123,3378,218,3591,218,-836,15,513,213,165
5213,5201,503,2021,6,24,19,52,18,392,SD,108,2,2,11,0,77,2021,6,24,19,52,18,392,5335,-254,5614,-254,-781,-2,973,279,327
,,,,,,,,,,,,,,10,0,76,2021,6,24,19,52,18,392,3135,224,3346,224,-894,23,505,210,164
5213,5201,504,2021,6,24,19,52,18,634,SD,108,2,2,11,0,77,2021,6,24,19,52,18,634,5178,-250,5452,-250,-671,15,952,274,316
,,,,,,,,,,,,,,10,0,76,2021,6,24,19,52,18,634,2905,227,3112,227,-957,12,480,207,161
5213,5201,505,2021,6,24,19,52,18,873,SD,108,2,2,11,0,77,2021,6,24,19,52,18,872,5314,-250,5036,-250,-673,0,988,278,316
,,,,,,,,,,,,,,10,0,76,2021,6,24,19,52,18,872,2678,233,2888,233,-920,26,489,210,163
5213,5201,506,2021,6,24,19,52,19,134,SD,108,2,2,11,0,77,2021,6,24,19,52,19,133,5105,-245,4825,-245,-776,19,911,279,318
,,,,,,,,,,,,,,10,0,76,2021,6,24,19,52,19,133,2441,239,2649,239,-910,20,491,208,161
5213,5201,507,2021,6,24,19,52,19,409,SD,108,2,2,11,0,77,2021,6,24,19,52,19,409,4971,-238,4691,-238,-450,25,954,280,316
,,,,,,,,,,,,,,10,0,76,2021,6,24,19,52,19,409,2221,251,2429,251,-808,43,486,208,163
5213,5201,508,2021,6,24,19,52,19,678,SD,108,2,2,11,0,77,2021,6,24,19,52,19,678,4875,-240,4597,-240,-365,-10,1059,278,329
,,,,,,,,,,,,,,10,0,76,2021,6,24,19,52,19,678,2220,248,2023,248,-789,-7,477,197,159
5213,5201,509,2021,6,24,19,52,19,918,SD,108,2,2,11,0,77,2021,6,24,19,52,19,917,4366,-240,4644,-240,-1003,0,922,278,325
,,,,,,,,,,,,,,10,0,76,2021,6,24,19,52,19,917,2016,249,1818,249,-802,1,478,198,158
5213,5201,510,2021,6,24,19,52,20,158,SD,108,2,2,11,0,77,2021,6,24,19,52,20,158,4180,-243,4458,-243,-740,-9,900,278,325
,,,,,,,,,,,,,,10,0,76,2021,6,24,19,52,20,158,1786,253,1588,253,-959,17,478,198,158
5213,5201,511,2021,6,24,19,52,20,424,SD,72,1,2,11,0,77,2021,6,24,19,52,20,424,4020,-237,4291,-237,-621,21,1013,271,323
5213,5201,512,2021,6,24,19,52,20,691,SD,72,1,2,11,0,77,2021,6,24,19,52,20,691,4053,-234,3778,-234,-902,12,982,274,341
5213,5201,513,2021,6,24,19,52,20,960,SD,72,1,2,11,0,77,2021,6,24,19,52,20,960,3860,-238,3583,-238,-724,-15,928,277,339
5213,5201,514,2021,6,24,19,52,21,193,SD,72,1,2,11,0,77,2021,6,24,19,52,21,193,3411,-239,3683,-239,-752,-2,862,272,314
5213,5201,515,2021,6,24,19,52,21,422,SD,72,1,2,11,0,77,2021,6,24,19,52,21,421,3543,-235,3270,-235,-616,15,925,272,317
5213,5201,516,2021,6,24,19,52,21,655,SD,72,1,2,11,0,77,2021,6,24,19,52,21,655,3375,-232,3103,-232,-714,11,927,272,327
5213,5201,517,2021,6,24,19,52,21,887,SD,72,1,2,11,0,77,2021,6,24,19,52,21,887,3203,-230,2933,-230,-724,9,932,269,322
5213,5201,518,2021,6,24,19,52,22,144,SD,72,1,2,11,0,77,2021,6,24,19,52,22,144,3053,-231,2784,-231,-588,-2,965,269,325
5213,5201,519,2021,6,24,19,52,22,386,SD,108,2,2,10,0,79,2021,6,24,19,52,22,386,8416,67,8610,67,0,0,443,194,158
,,,,,,,,,,,,,,11,0,77,2021,6,24,19,52,22,386,2884,-229,2616,-229,-689,8,1005,267,326
5213,5201,520,2021,6,24,19,52,22,648,SD,108,2,2,10,0,79,2021,6,24,19,52,22,648,8236,82,8427,82,-705,58,430,191,156
,,,,,,,,,,,,,,11,0,77,2021,6,24,19,52,22,648,2725,-232,2448,-232,-605,-13,1041,277,340
5213,5201,521,2021,6,24,19,52,22,909,SD,108,2,2,10,0,79,2021,6,24,19,52,22,908,7925,84,8124,84,-1153,6,452,198,160
,,,,,,,,,,,,,,11,0,77,2021,6,24,19,52,22,908,2553,-230,2280,-230,-641,9,1041,273,339
5213,5201,522,2021,6,24,19,52,23,150,SD,108,2,2,10,0,79,2021,6,24,19,52,23,149,7861,82,7662,82,-1133,-8,457,199,166
,,,,,,,,,,,,,,11,0,77,2021,6,24,19,52,23,149,2392,-230,2120,-230,-666,0,1041,271,335
5213,5201,523,2021,6,24,19,52,23,412,SD,108,2,2,10,0,79,2021,6,24,19,52,23,411,7399,85,7596,85,-987,13,446,196,161
,,,,,,,,,,,,,,11,0,77,2021,6,24,19,52,23,411,1964,-232,2238,-232,-658,-7,1084,274,333
5213,5201,524,2021,6,24,19,52,23,658,SD,108,2,2,10,0,79,2021,6,24,19,52,23,658,7143,102,7333,102,-1035,67,447,189,161
,,,,,,,,,,,,,,11,0,77,2021,6,24,19,52,23,658,2048,-236,1785,-236,-714,-17,1015,262,316
5213,5201,525,2021,6,24,19,52,23,915,SD,108,2,2,10,0,79,2021,6,24,19,52,23,915,6899,104,7098,104,-914,9,476,199,170
,,,,,,,,,,,,,,11,0,77,2021,6,24,19,52,23,915,1612,-236,1861,-236,-715,2,982,248,291
5213,5201,526,2021,6,24,19,52,24,145,SD,108,2,2,10,0,79,2021,6,24,19,52,24,145,6665,105,6866,105,-1028,3,479,201,175
,,,,,,,,,,,,,,11,0,77,2021,6,24,19,52,24,145,1365,-229,1623,-229,-1025,30,954,258,293
